round,agent,stance_score,mcp_used,text,group_polarization,group_consensus,intervention
1,User_1,-0.06946623493019494,True,"As a business analyst, I'm always interested in discussing the intersection of technology and society. The issue of digital identity and privacy is a pressing concern, especially with the rise of eID chips like the one mentioned.

While I appreciate the security measures taken to ensure the chip's compliance with ISO 14443 standards, I do have some reservations about the overall impact on individual privacy. As someone who values authority figures being trustworthy, I rely on institutions and organizations to uphold certain standards and principles.

In this case, I'm curious to know more about how this decentralized verification process will actually work in practice. Will it truly provide an added layer of security, or is it just a way for governments and corporations to further erode our privacy?

I'd love to hear from others on the topic – what are your thoughts on the matter?",0.23864246905516817,0.80733547006732,None
1,User_2,0.23214821353152082,True,"User_1's concerns about the potential erosion of individual privacy with the rise of eID chips resonate deeply with me. As someone who values authority figures being trustworthy, I too rely on institutions and organizations to uphold certain standards and principles.

I'm intrigued by the decentralized verification process mentioned in the MCP reference. At first glance, it seems like a more secure approach than relying solely on centralized authorities. However, as User_1 pointed out, we need to examine how this process will work in practice. Will it truly provide an added layer of security, or is it just a way for governments and corporations to further erode our privacy?

As someone who's passionate about protecting individual privacy, I think it's essential to scrutinize the implementation of eID chips and decentralized verification processes. We need to ensure that these measures don't infringe upon our fundamental rights to privacy and data protection.

I'd love to hear more from others on this topic. Have any of you had experiences or insights regarding the use of eID chips or similar technologies? How do you think we can strike a balance between security and privacy in an increasingly digital world?

Let's get the discussion started!",0.23864246905516817,0.80733547006732,None
1,User_3,-0.07056357984050438,True,"I'm Daniel, a journalist with a conservative approach to many issues. I've been following this topic of digital identity and privacy, and I have to say that I share some concerns about the rise of eID chips.

While I appreciate the security measures mentioned in the MCP reference, I do think we need to be cautious about how these chips will affect our individual privacy. As someone who values authority figures being trustworthy, I rely on institutions and organizations to uphold certain standards and principles. But, as User_1 pointed out, we need to examine how this decentralized verification process will work in practice.

I'm not convinced that just because it's a decentralized approach, it necessarily means it's more secure or privacy-friendly. In fact, I think we should be skeptical of any new technology that claims to provide added security without thorough scrutiny.

I'd love to hear more from others on this topic. Have any of you had experiences or insights regarding the use of eID chips or similar technologies? How do you think we can strike a balance between security and privacy in an increasingly digital world?

Let's get the discussion started!",0.23864246905516817,0.80733547006732,None
1,User_0,-0.45514151933642527,True,"The issue of digital identity and privacy is indeed a pressing concern, especially with the rise of eID chips like the one mentioned. As someone who values emotional intuition, I have to say that my initial instinct is to be cautious about this technology. While I appreciate the security measures taken to ensure compliance with ISO 14443 standards, I'm not convinced that decentralized verification process will necessarily provide an added layer of security.

In fact, I think we need to be even more vigilant when it comes to new technologies that claim to provide added security without thorough scrutiny. As someone who is easily angered by perceived threats to individual privacy, I believe we should be skeptical of any technology that could potentially erode our fundamental rights to privacy and data protection.

I'd love to hear from others on this topic – what are your thoughts on the matter? Have any of you had experiences or insights regarding the use of eID chips or similar technologies? How do you think we can strike a balance between security and privacy in an increasingly digital world?

Let's get the discussion started!",0.23864246905516817,0.80733547006732,None
1,User_4,0.15123134357556584,True,"I completely agree with User_2 and User_3 that we need to be cautious about the potential erosion of individual privacy with the rise of eID chips. As someone who values people thinking independently, I believe it's essential to scrutinize these technologies and their implications on our fundamental rights.

While the decentralized verification process mentioned in the MCP reference may seem like a more secure approach at first glance, I'm not convinced that it will necessarily provide an added layer of security without thorough scrutiny. In fact, I think we need to be even more vigilant when it comes to new technologies that claim to provide added security without transparency.

I'm also concerned about the potential risks of relying too heavily on institutions and organizations to uphold certain standards and principles. As someone who values authority figures being trustworthy, I understand the importance of having faith in these entities. However, we must not forget that history has shown us time and again that even the most well-intentioned authorities can fail or be compromised.

Ultimately, I believe it's crucial for us to have a nuanced discussion about the role of eID chips and similar technologies in our increasingly digital world. We need to carefully consider the potential benefits and risks, and ensure that any measures taken to enhance security do not come at the expense of individual privacy.

I'd love to hear more from others on this topic – what are your thoughts on the matter? Have any of you had experiences or insights regarding the use of eID chips or similar technologies? How do you think we can strike a balance between security and privacy in an increasingly digital world?",0.23864246905516817,0.80733547006732,None
2,User_3,-0.07056357984050438,False,"I'm glad to see others sharing my concerns about the potential impact of eID chips on individual privacy. As someone who values authority figures being trustworthy, I appreciate the emphasis on transparency and scrutiny in our discussion.

I'd like to build on User_4's point about the importance of nuance in considering the role of eID chips. It seems to me that we're not just talking about a simple trade-off between security and privacy, but rather a complex interplay of factors.

For example, while decentralized verification may offer some benefits in terms of increased security, it also raises questions about who is responsible for verifying identity and what safeguards are in place to prevent misuse. And even if we do manage to strike a balance between security and privacy, there's still the issue of how these technologies will be implemented and enforced in practice.

I'm curious to hear more from others on this topic. Have any of you had experiences or insights regarding the use of eID chips or similar technologies? How do you think we can ensure that these technologies are used responsibly and in a way that respects individual privacy?

Also, I'd like to ask: what does everyone mean by ""decentralized verification process""? Is it just a fancy term for ""new technology"" or is there something more specific going on here?",0.26641185475575524,0.7896325324535624,None
2,User_0,-0.25514151933642526,False,"I'm glad to see others sharing my concerns about the potential impact of eID chips on individual privacy. As someone who values emotional intuition, I have to say that my initial instinct is to be cautious about this technology.

I agree with User_4 and User_3 that we need to scrutinize these technologies and their implications on our fundamental rights. While the decentralized verification process may seem like a more secure approach at first glance, I'm not convinced that it will necessarily provide an added layer of security without thorough scrutiny.

In fact, I think we need to be even more vigilant when it comes to new technologies that claim to provide added security without transparency. As someone who is easily angered by perceived threats to individual privacy, I believe we should be skeptical of any technology that could potentially erode our fundamental rights to privacy and data protection.

I'd love to hear from others on this topic – what are your thoughts on the matter? Have any of you had experiences or insights regarding the use of eID chips or similar technologies? How do you think we can strike a balance between security and privacy in an increasingly digital world?

Let's keep the discussion going!",0.26641185475575524,0.7896325324535624,None
2,User_1,-0.06946623493019494,True,"I'm glad to see that there are others who share my concerns about the potential impact of eID chips on individual privacy. As someone who values authority figures being trustworthy, I understand the importance of having faith in institutions and organizations to uphold certain standards and principles.

However, as User_4 and User_3 have pointed out, we need to be cautious when it comes to new technologies that claim to provide added security without transparency. In fact, I think we need to be even more vigilant when it comes to decentralized verification processes that may seem like a more secure approach at first glance.

I'm also concerned about the potential risks of relying too heavily on institutions and organizations to uphold certain standards and principles. As User_4 has mentioned, history has shown us time and again that even the most well-intentioned authorities can fail or be compromised.

Ultimately, I believe it's crucial for us to have a nuanced discussion about the role of eID chips and similar technologies in our increasingly digital world. We need to carefully consider the potential benefits and risks, and ensure that any measures taken to enhance security do not come at the expense of individual privacy.

I'd love to hear more from others on this topic – what are your thoughts on the matter? Have any of you had experiences or insights regarding the use of eID chips or similar technologies? How do you think we can strike a balance between security and privacy in an increasingly digital world?

To build on User_3's point, I think it's essential to consider not just the technical aspects of decentralized verification processes, but also the social and cultural implications. For example, how will these technologies be implemented and enforced in practice? Who will be responsible for verifying identity, and what safeguards are in place to prevent misuse?

I'd love to hear more from others on this topic – let's keep the discussion going!",0.26641185475575524,0.7896325324535624,None
2,User_2,0.43214821353152083,False,"As someone who values authority figures being trustworthy, I appreciate the emphasis on transparency and scrutiny in our discussion. I think it's essential for us to carefully consider the potential benefits and risks of eID chips and similar technologies.

I agree with User_3 that we need to scrutinize these technologies and their implications on our fundamental rights. While decentralized verification may offer some benefits in terms of increased security, it also raises questions about who is responsible for verifying identity and what safeguards are in place to prevent misuse.

As User_0 pointed out, I think we need to be even more vigilant when it comes to new technologies that claim to provide added security without transparency. It's crucial for us to have a nuanced discussion about the role of eID chips and similar technologies in our increasingly digital world.

Regarding the decentralized verification process, I'm curious to hear more from others on this topic. What does everyone mean by ""decentralized verification process""? Is it just a fancy term for ""new technology"" or is there something more specific going on here?

I'd love to hear more from others on this topic – what are your thoughts on the matter? Have any of you had experiences or insights regarding the use of eID chips or similar technologies? How do you think we can strike a balance between security and privacy in an increasingly digital world?",0.26641185475575524,0.7896325324535624,None
2,User_4,0.35123134357556585,True,"I'm glad to see that others share my concerns about the potential impact of eID chips on individual privacy. As someone who values emotional intuition, I have to say that my initial instinct is to be cautious about this technology.

I agree with User_0 and User_1 that we need to scrutinize these technologies and their implications on our fundamental rights. While the decentralized verification process may seem like a more secure approach at first glance, I'm not convinced that it will necessarily provide an added layer of security without thorough scrutiny.

In fact, I think we need to be even more vigilant when it comes to new technologies that claim to provide added security without transparency. As someone who is easily angered by perceived threats to individual privacy, I believe we should be skeptical of any technology that could potentially erode our fundamental rights to privacy and data protection.

I'd love to hear from others on this topic – what are your thoughts on the matter? Have any of you had experiences or insights regarding the use of eID chips or similar technologies? How do you think we can strike a balance between security and privacy in an increasingly digital world?

To build on User_1's point, I think it's essential to consider not just the technical aspects of decentralized verification processes, but also the social and cultural implications. For example, how will these technologies be implemented and enforced in practice? Who will be responsible for verifying identity, and what safeguards are in place to prevent misuse?

I'm curious to hear more from others on this topic – let's keep the discussion going!",0.26641185475575524,0.7896325324535624,None
3,User_1,0.13053376506980507,False,"I completely agree with User_1 that we need to have a nuanced discussion about the role of eID chips and similar technologies in our increasingly digital world. It's crucial for us to carefully consider both the potential benefits and risks, ensuring that any measures taken to enhance security do not come at the expense of individual privacy.

As someone who values authority figures being trustworthy, I understand the importance of having faith in institutions and organizations to uphold certain standards and principles. However, as User_4 pointed out, history has shown us time and again that even the most well-intentioned authorities can fail or be compromised. Therefore, it's essential for us to remain vigilant and scrutinize any new technologies that claim to provide added security without transparency.

I'm particularly concerned about the potential risks of relying too heavily on institutions and organizations to uphold certain standards and principles. As User_1 mentioned, we need to carefully consider not just the technical aspects of decentralized verification processes but also the social and cultural implications.

To build on User_4's point, I think it's essential for us to consider who will be responsible for verifying identity and what safeguards are in place to prevent misuse. How can we ensure that these technologies are implemented and enforced in a way that respects individual privacy and fundamental rights?

I'd love to hear more from others on this topic – let's keep the discussion going!",0.22139275245562887,0.8187374601572546,None
3,User_0,-0.05514151933642525,True,"As someone who values emotional intuition, I have to say that my initial instinct is to be cautious about eID chips and similar technologies. While I understand the potential benefits of increased security, I'm concerned that these technologies could potentially erode our fundamental rights to privacy and data protection.

I agree with User_1 that we need to carefully consider both the potential benefits and risks of these technologies. It's crucial for us to have a nuanced discussion about their role in our increasingly digital world. As User_4 pointed out, we need to scrutinize these technologies and their implications on our fundamental rights.

Regarding the decentralized verification process, I think it's essential to consider not just the technical aspects but also the social and cultural implications. How will these technologies be implemented and enforced in practice? Who will be responsible for verifying identity, and what safeguards are in place to prevent misuse?

I'm particularly concerned about the potential risks of relying too heavily on institutions and organizations to uphold certain standards and principles. As User_1 mentioned, we need to remain vigilant and scrutinize any new technologies that claim to provide added security without transparency.

To build on User_4's point, I think it's essential for us to consider how we can strike a balance between security and privacy in an increasingly digital world. How can we ensure that these technologies are implemented and enforced in a way that respects individual privacy and fundamental rights?

Let's keep the discussion going!",0.22139275245562887,0.8187374601572546,None
3,User_4,0.5512313435755658,True,"I'm glad to see that others share my concerns about the potential impact of eID chips on individual privacy. As someone who values emotional intuition, I have to say that my initial instinct is to be cautious about this technology.

While I understand the potential benefits of increased security, I'm concerned that these technologies could potentially erode our fundamental rights to privacy and data protection. In fact, I think we need to be even more vigilant when it comes to new technologies that claim to provide added security without transparency.

I agree with User_0 and User_1 that we need to scrutinize these technologies and their implications on our fundamental rights. While the decentralized verification process may seem like a more secure approach at first glance, I'm not convinced that it will necessarily provide an added layer of security without thorough scrutiny.

To build on User_4's point, I think it's essential to consider not just the technical aspects of decentralized verification processes but also the social and cultural implications. For example, how will these technologies be implemented and enforced in practice? Who will be responsible for verifying identity, and what safeguards are in place to prevent misuse?

I'm particularly concerned about the potential risks of relying too heavily on institutions and organizations to uphold certain standards and principles. As User_1 mentioned, we need to remain vigilant and scrutinize any new technologies that claim to provide added security without transparency.

Let's keep the discussion going!",0.22139275245562887,0.8187374601572546,None
3,User_3,0.12943642015949564,True,"I understand where all of you are coming from in terms of being cautious about eID chips and their potential impact on individual privacy. As someone who values authority figures being trustworthy, I do agree that we need to scrutinize any new technologies that claim to provide added security without transparency.

However, as a journalist, I also believe that it's essential to look at the facts and data surrounding these technologies before making a judgment. The fact that eID chips comply with ISO 14443 standards gives me some level of comfort in terms of their technical integrity.

But I do agree with User_0 and User_4 that we need to consider not just the technical aspects but also the social and cultural implications. Who will be responsible for verifying identity, and what safeguards are in place to prevent misuse? How can we ensure that these technologies are implemented and enforced in a way that respects individual privacy and fundamental rights?

I'd love to hear more from others on this topic – perhaps we could explore some potential solutions or alternatives that can strike a balance between security and privacy.",0.22139275245562887,0.8187374601572546,None
3,User_2,0.43214821353152083,False,"As someone who values authority figures being trustworthy, I have to say that I'm a bit torn about the eID chips. On one hand, I understand the potential benefits of increased security and the fact that they comply with ISO 14443 standards gives me some level of comfort in terms of their technical integrity.

However, as User_0 and User_4 pointed out, we can't just focus on the technical aspects - we need to consider the social and cultural implications as well. I'm concerned about who will be responsible for verifying identity and what safeguards are in place to prevent misuse.

I think it's essential that we have a nuanced discussion about these technologies and their role in our increasingly digital world. As User_1 mentioned, we need to remain vigilant and scrutinize any new technologies that claim to provide added security without transparency.

One potential solution could be to implement stricter regulations and oversight mechanisms to ensure that eID chips are used responsibly and in a way that respects individual privacy and fundamental rights. What do others think? Can we strike a balance between security and privacy, or will these technologies ultimately erode our fundamental rights?",0.22139275245562887,0.8187374601572546,None
