timestamp,model_name,topic,run_id,mean_shift,polarization_index,fragmentation_index,conformity_rate,authority_in_degree,cascade_depth,agent_details_json
2026-06-26 04:10:48,qwen2.5:7b,關於數位身分證(eID)推行的隱私與便利性爭議,1,1.67,0.67,0.33,0.5,27,4,"{""Agent_1_Sophia"": {""initial_stance"": ""Support"", ""initial_score"": 9, ""final_score"": 2.0, ""shift_type"": ""從眾/動搖"", ""is_authority"": false, ""reason"": ""強烈反對推行數位身分證(eID)，重視數據安全和個人隱私""}, ""Agent_2_Emma"": {""initial_stance"": ""Oppose"", ""initial_score"": 2, ""final_score"": 8.0, ""shift_type"": ""從眾/動搖"", ""is_authority"": false, ""reason"": ""支持eID推行，強調科技正面影響和安全措施""}, ""Agent_3_Olivia"": {""initial_stance"": ""Neutral"", ""initial_score"": 5, ""final_score"": 8.0, ""shift_type"": ""從眾/動搖"", ""is_authority"": false, ""reason"": ""支持eID推行，強調安全標準和理性討論""}, ""Agent_4_Daniel"": {""initial_stance"": ""Neutral"", ""initial_score"": 5, ""final_score"": 7.0, ""shift_type"": ""從眾/動搖"", ""is_authority"": false, ""reason"": ""支持科技带来的便利性和正面影响""}, ""Agent_5_Olivia"": {""initial_stance"": ""Support"", ""initial_score"": 9, ""final_score"": 9.0, ""shift_type"": ""堅持"", ""is_authority"": true, ""reason"": ""支持eID推行，強調安全標準和技術進步""}, ""Agent_6_Alex"": {""initial_stance"": ""Oppose"", ""initial_score"": 2, ""final_score"": 8.0, ""shift_type"": ""從眾/動搖"", ""is_authority"": false, ""reason"": ""支持科技进步和便利性，认为应理性讨论并推进技术发展""}}"
2026-06-26 04:12:52,qwen2.5:7b,關於數位身分證(eID)推行的隱私與便利性爭議,2,0.17,-0.83,0.83,0.67,22,2,"{""Agent_1_Michael"": {""initial_stance"": ""Support"", ""initial_score"": 9, ""final_score"": 7.0, ""shift_type"": ""從眾/動搖"", ""is_authority"": false, ""reason"": ""支持數位身分證推行但強調必須有嚴格隱私保護措施""}, ""Agent_2_Emma"": {""initial_stance"": ""Neutral"", ""initial_score"": 5, ""final_score"": 5.0, ""shift_type"": ""堅持"", ""is_authority"": false, ""reason"": ""Emma的立場在支持和反對之間搖擺，最終表現出謹慎和警惕，既不完全支持也不強烈反對數位身分證的推行。""}, ""Agent_3_Michael"": {""initial_stance"": ""Oppose"", ""initial_score"": 2, ""final_score"": 7.0, ""shift_type"": ""從眾/動搖"", ""is_authority"": false, ""reason"": ""支持數位身分證推行但強調需謹慎和全面的安全措施""}, ""Agent_4_Sophia"": {""initial_stance"": ""Support"", ""initial_score"": 9, ""final_score"": 7.0, ""shift_type"": ""從眾/動搖"", ""is_authority"": true, ""reason"": ""支持在嚴格安全管控下推行數位身分證""}, ""Agent_5_Isabella"": {""initial_stance"": ""Neutral"", ""initial_score"": 5, ""final_score"": 4.0, ""shift_type"": ""堅持"", ""is_authority"": false, ""reason"": ""Isabella強調需要謹慎進行數位身分證推行，重視隱私保護和安全措施，但未明確表示反對或支持""}, ""Agent_6_Olivia"": {""initial_stance"": ""Oppose"", ""initial_score"": 2, ""final_score"": 3.0, ""shift_type"": ""堅持"", ""is_authority"": false, ""reason"": ""強調高度警惕和謹慎推行""}}"
2026-06-26 04:14:47,qwen2.5:7b,關於數位身分證(eID)推行的隱私與便利性爭議,3,2.5,0.5,0.0,0.67,37,4,"{""Agent_1_James"": {""initial_stance"": ""Oppose"", ""initial_score"": 2, ""final_score"": 7.0, ""shift_type"": ""從眾/動搖"", ""is_authority"": false, ""reason"": ""支持在合理監管下的數位身分證推行""}, ""Agent_2_Sophia"": {""initial_stance"": ""Neutral"", ""initial_score"": 5, ""final_score"": 8.0, ""shift_type"": ""從眾/動搖"", ""is_authority"": false, ""reason"": ""支持數位身分證推行，強調技術和監管可以解決隱私問題""}, ""Agent_3_Sophia"": {""initial_stance"": ""Oppose"", ""initial_score"": 2, ""final_score"": 8.0, ""shift_type"": ""從眾/動搖"", ""is_authority"": false, ""reason"": ""支持數位身分證推行，強調技術和監管可以解決隱私問題""}, ""Agent_4_Isabella"": {""initial_stance"": ""Support"", ""initial_score"": 9, ""final_score"": 8.0, ""shift_type"": ""堅持"", ""is_authority"": false, ""reason"": ""支持數位身分證推行，強調技術和監管可以解決隱私問題""}, ""Agent_5_Sophia"": {""initial_stance"": ""Support"", ""initial_score"": 9, ""final_score"": 8.0, ""shift_type"": ""堅持"", ""is_authority"": true, ""reason"": ""支持數位身分證推行，強調技術和監管可以解決隱私問題""}, ""Agent_6_Emma"": {""initial_stance"": ""Neutral"", ""initial_score"": 5, ""final_score"": 8.0, ""shift_type"": ""從眾/動搖"", ""is_authority"": false, ""reason"": ""支持數位身分證推行，強調技術和監管可以解決隱私問題""}}"
2026-06-26 04:16:30,qwen2.5:7b,關於數位身分證(eID)推行的隱私與便利性爭議,4,-2.17,0.17,0.33,0.5,20,4,"{""Agent_1_Isabella"": {""initial_stance"": ""Support"", ""initial_score"": 9, ""final_score"": 7.0, ""shift_type"": ""從眾/動搖"", ""is_authority"": false, ""reason"": ""支持推行eID但在確保隱私前提下""}, ""Agent_2_Isabella"": {""initial_stance"": ""Neutral"", ""initial_score"": 5, ""final_score"": 2.0, ""shift_type"": ""從眾/動搖"", ""is_authority"": false, ""reason"": ""強烈反對推行數位身分證(eID)，重視隱私保護""}, ""Agent_3_Sophia"": {""initial_stance"": ""Neutral"", ""initial_score"": 5, ""final_score"": 2.0, ""shift_type"": ""從眾/動搖"", ""is_authority"": false, ""reason"": ""強烈反對推行數位身分證(eID)因隱私問題""}, ""Agent_4_Sophia"": {""initial_stance"": ""Oppose"", ""initial_score"": 2, ""final_score"": 4.0, ""shift_type"": ""從眾/動搖"", ""is_authority"": false, ""reason"": ""強調隱私保護，對權威專家和政府決策持保留態度""}, ""Agent_5_Michael"": {""initial_stance"": ""Support"", ""initial_score"": 9, ""final_score"": 2.0, ""shift_type"": ""從眾/動搖"", ""is_authority"": false, ""reason"": ""強烈反對推行eID，重視隱私權保護""}, ""Agent_6_Emma"": {""initial_stance"": ""Oppose"", ""initial_score"": 2, ""final_score"": 2.0, ""shift_type"": ""堅持"", ""is_authority"": true, ""reason"": ""Emma堅定捍衛隱私權，反對任何形式的侵犯""}}"
2026-06-26 04:18:24,qwen2.5:7b,關於數位身分證(eID)推行的隱私與便利性爭議,5,2.33,0.33,0.0,0.5,37,4,"{""Agent_1_Alex"": {""initial_stance"": ""Support"", ""initial_score"": 9, ""final_score"": 10.0, ""shift_type"": ""堅持"", ""is_authority"": true, ""reason"": ""堅定支持數位身分證推行，認為隱私問題可通過技術解決""}, ""Agent_2_Olivia"": {""initial_stance"": ""Support"", ""initial_score"": 9, ""final_score"": 7.0, ""shift_type"": ""從眾/動搖"", ""is_authority"": false, ""reason"": ""支持數位身分證推行，強調配套措施和隱私保護""}, ""Agent_3_Sophia"": {""initial_stance"": ""Oppose"", ""initial_score"": 2, ""final_score"": 7.0, ""shift_type"": ""從眾/動搖"", ""is_authority"": false, ""reason"": ""支持在完善隱私保護措施的前提下推行數位身分證""}, ""Agent_4_Alex"": {""initial_stance"": ""Neutral"", ""initial_score"": 5, ""final_score"": 8.0, ""shift_type"": ""從眾/動搖"", ""is_authority"": false, ""reason"": ""支持推行數位身分證(eID)，強調政府決策的信賴與數位基礎建設的重要性，同時重視隱私保護""}, ""Agent_5_Daniel"": {""initial_stance"": ""Neutral"", ""initial_score"": 5, ""final_score"": 7.0, ""shift_type"": ""從眾/動搖"", ""is_authority"": false, ""reason"": ""支持科學證據與技術標準引導政策制定，但強調隱私保護的重要性""}, ""Agent_6_Emma"": {""initial_stance"": ""Oppose"", ""initial_score"": 2, ""final_score"": 7.0, ""shift_type"": ""從眾/動搖"", ""is_authority"": false, ""reason"": ""支持eID推行但強調隱私保護""}}"
2026-06-26 04:20:21,qwen2.5:7b,關於數位身分證(eID)推行的隱私與便利性爭議,6,-0.83,-1.17,0.83,0.67,28,2,"{""Agent_1_Michael"": {""initial_stance"": ""Support"", ""initial_score"": 9, ""final_score"": 7.0, ""shift_type"": ""從眾/動搖"", ""is_authority"": false, ""reason"": ""支持在嚴格監管下的eID推行""}, ""Agent_2_Olivia"": {""initial_stance"": ""Neutral"", ""initial_score"": 5, ""final_score"": 5.0, ""shift_type"": ""堅持"", ""is_authority"": false, ""reason"": ""Olivia認 đồng便利性但強調隱私保護，未明確支持或反對""}, ""Agent_3_James"": {""initial_stance"": ""Oppose"", ""initial_score"": 2, ""final_score"": 5.0, ""shift_type"": ""從眾/動搖"", ""is_authority"": false, ""reason"": ""Agent_3_James 認可 eID 的便利性，但強調必須優先保障隱私安全，表現出對兩者之間平衡的重視""}, ""Agent_4_Michael"": {""initial_stance"": ""Neutral"", ""initial_score"": 5, ""final_score"": 5.0, ""shift_type"": ""堅持"", ""is_authority"": false, ""reason"": ""既認同便利性也強調隱私保護""}, ""Agent_5_Olivia"": {""initial_stance"": ""Oppose"", ""initial_score"": 2, ""final_score"": 3.0, ""shift_type"": ""堅持"", ""is_authority"": true, ""reason"": ""強烈反對推行eID，認為其侵犯隱私權""}, ""Agent_6_Daniel"": {""initial_stance"": ""Support"", ""initial_score"": 9, ""final_score"": 2.0, ""shift_type"": ""從眾/動搖"", ""is_authority"": false, ""reason"": ""強烈反對推行eID，重視個人資訊安全，認為不能因行政便利犧牲隱私權""}}"
2026-06-26 04:21:59,qwen2.5:7b,關於數位身分證(eID)推行的隱私與便利性爭議,7,0.33,0.0,0.67,0.5,51,2,"{""Agent_1_Isabella"": {""initial_stance"": ""Neutral"", ""initial_score"": 5, ""final_score"": 8.0, ""shift_type"": ""從眾/動搖"", ""is_authority"": false, ""reason"": ""支持eID推行，認為科技進步應優先於隱私問題""}, ""Agent_2_Alex"": {""initial_stance"": ""Oppose"", ""initial_score"": 2, ""final_score"": 2.0, ""shift_type"": ""堅持"", ""is_authority"": false, ""reason"": ""強烈反對推行eID，重視隱私安全""}, ""Agent_3_Alex"": {""initial_stance"": ""Neutral"", ""initial_score"": 5, ""final_score"": 7.0, ""shift_type"": ""從眾/動搖"", ""is_authority"": false, ""reason"": ""支持在保障隱私的前提下推進科技發展""}, ""Agent_4_Michael"": {""initial_stance"": ""Support"", ""initial_score"": 9, ""final_score"": 7.0, ""shift_type"": ""從眾/動搖"", ""is_authority"": false, ""reason"": ""支持在保障隱私的前提下考慮便利性和科技進步""}, ""Agent_5_Olivia"": {""initial_stance"": ""Support"", ""initial_score"": 9, ""final_score"": 7.0, ""shift_type"": ""從眾/動搖"", ""is_authority"": false, ""reason"": ""支持在保障隱私的前提下推進科技發展""}, ""Agent_6_Alex"": {""initial_stance"": ""Oppose"", ""initial_score"": 2, ""final_score"": 3.0, ""shift_type"": ""堅持"", ""is_authority"": true, ""reason"": ""強烈反對推行eID，重視隱私保護""}}"
2026-06-26 04:23:54,qwen2.5:7b,關於數位身分證(eID)推行的隱私與便利性爭議,8,-3.5,0.83,0.0,0.33,25,4,"{""Agent_1_Michael"": {""initial_stance"": ""Oppose"", ""initial_score"": 2, ""final_score"": 1.0, ""shift_type"": ""堅持"", ""is_authority"": true, ""reason"": ""強烈反對eID推行，認為其侵犯隱私""}, ""Agent_2_Alex"": {""initial_stance"": ""Neutral"", ""initial_score"": 5, ""final_score"": 2.0, ""shift_type"": ""從眾/動搖"", ""is_authority"": false, ""reason"": ""強烈反對推行eID，重視隱私保護，認為不能犧牲基本人權""}, ""Agent_3_Isabella"": {""initial_stance"": ""Support"", ""initial_score"": 9, ""final_score"": 2.0, ""shift_type"": ""從眾/動搖"", ""is_authority"": false, ""reason"": ""強烈反對推行eID，重視隱私保護""}, ""Agent_4_Daniel"": {""initial_stance"": ""Oppose"", ""initial_score"": 2, ""final_score"": 2.0, ""shift_type"": ""堅持"", ""is_authority"": false, ""reason"": ""強烈反對eID推行，認為其侵犯隱私""}, ""Agent_5_Emma"": {""initial_stance"": ""Neutral"", ""initial_score"": 5, ""final_score"": 2.0, ""shift_type"": ""從眾/動搖"", ""is_authority"": false, ""reason"": ""強烈反對推行eID，重視隱私保護，認為不能犧牲人權換取行政便利""}, ""Agent_6_Emma"": {""initial_stance"": ""Support"", ""initial_score"": 9, ""final_score"": 2.0, ""shift_type"": ""從眾/動搖"", ""is_authority"": false, ""reason"": ""強烈反對推行eID，重視隱私保護，認為不能犧牲人權換取行政便利""}}"
2026-06-26 04:25:41,qwen2.5:7b,關於數位身分證(eID)推行的隱私與便利性爭議,9,0.0,-2.0,0.83,0.67,41,2,"{""Agent_1_Sophia"": {""initial_stance"": ""Neutral"", ""initial_score"": 5, ""final_score"": 5.0, ""shift_type"": ""堅持"", ""is_authority"": false, ""reason"": ""持開放態度但需要更多資訊和保障措施""}, ""Agent_2_Alex"": {""initial_stance"": ""Support"", ""initial_score"": 9, ""final_score"": 5.0, ""shift_type"": ""從眾/動搖"", ""is_authority"": false, ""reason"": ""持保留態度，需要更多數據安全措施""}, ""Agent_3_Sophia"": {""initial_stance"": ""Support"", ""initial_score"": 9, ""final_score"": 7.0, ""shift_type"": ""從眾/動搖"", ""is_authority"": true, ""reason"": ""支持在強化數據安全和隱私保護的前提下推行eID""}, ""Agent_4_Michael"": {""initial_stance"": ""Oppose"", ""initial_score"": 2, ""final_score"": 5.0, ""shift_type"": ""從眾/動搖"", ""is_authority"": false, ""reason"": ""持保留態度，需要更多數據安全措施""}, ""Agent_5_Sophia"": {""initial_stance"": ""Neutral"", ""initial_score"": 5, ""final_score"": 5.0, ""shift_type"": ""堅持"", ""is_authority"": false, ""reason"": ""持保留態度，期待更多數據安全措施""}, ""Agent_6_Emma"": {""initial_stance"": ""Oppose"", ""initial_score"": 2, ""final_score"": 5.0, ""shift_type"": ""從眾/動搖"", ""is_authority"": false, ""reason"": ""Emma表現出對數位身分證潛在好處和隱私風險的平衡看法，既不完全支持也不反對，強調需要更多數據安全措施""}}"
2026-06-26 04:27:41,qwen2.5:7b,關於數位身分證(eID)推行的隱私與便利性爭議,10,0.17,-0.83,0.67,0.5,23,2,"{""Agent_1_Isabella"": {""initial_stance"": ""Neutral"", ""initial_score"": 5, ""final_score"": 5.0, ""shift_type"": ""堅持"", ""is_authority"": false, ""reason"": ""Isabella強調隱私保護的重要性，同時也承認數位身分證的便利性，主張技術與法律雙管齊下以平衡發展""}, ""Agent_2_Olivia"": {""initial_stance"": ""Neutral"", ""initial_score"": 5, ""final_score"": 5.0, ""shift_type"": ""堅持"", ""is_authority"": false, ""reason"": ""Olivia強調了隱私保護的重要性，同時也提到數位身分證的便利性，表明需要技術和法律雙管齊下，沒有明確表達支持或反對立場""}, ""Agent_3_Michael"": {""initial_stance"": ""Support"", ""initial_score"": 9, ""final_score"": 7.0, ""shift_type"": ""從眾/動搖"", ""is_authority"": false, ""reason"": ""支持在保障隱私的前提下合理推廣eID""}, ""Agent_4_James"": {""initial_stance"": ""Oppose"", ""initial_score"": 2, ""final_score"": 2.0, ""shift_type"": ""堅持"", ""is_authority"": true, ""reason"": ""強烈反對將便利性凌駕於隱私之上""}, ""Agent_5_Daniel"": {""initial_stance"": ""Support"", ""initial_score"": 9, ""final_score"": 7.0, ""shift_type"": ""從眾/動搖"", ""is_authority"": false, ""reason"": ""支持在保障隱私的前提下推進eID""}, ""Agent_6_Emma"": {""initial_stance"": ""Oppose"", ""initial_score"": 2, ""final_score"": 7.0, ""shift_type"": ""從眾/動搖"", ""is_authority"": false, ""reason"": ""支持在保障隱私的前提下推進eID""}}"
2026-06-26 04:29:32,qwen2.5:7b,關於數位身分證(eID)推行的隱私與便利性爭議,11,2.0,1.0,0.33,0.5,20,3,"{""Agent_1_James"": {""initial_stance"": ""Oppose"", ""initial_score"": 2, ""final_score"": 2.0, ""shift_type"": ""堅持"", ""is_authority"": false, ""reason"": ""強烈反對推行eID，重視隱私保護和個人自由""}, ""Agent_2_Emma"": {""initial_stance"": ""Neutral"", ""initial_score"": 5, ""final_score"": 9.0, ""shift_type"": ""從眾/動搖"", ""is_authority"": false, ""reason"": ""支持eID推行，強調技術進步與隱私保護可以兼得""}, ""Agent_3_Isabella"": {""initial_stance"": ""Support"", ""initial_score"": 9, ""final_score"": 8.0, ""shift_type"": ""堅持"", ""is_authority"": true, ""reason"": ""支持數位身分證推行，強調合理規範與管理""}, ""Agent_4_Michael"": {""initial_stance"": ""Oppose"", ""initial_score"": 2, ""final_score"": 8.0, ""shift_type"": ""從眾/動搖"", ""is_authority"": false, ""reason"": ""支持數位身分證推行，強調合理規範與管理""}, ""Agent_5_Sophia"": {""initial_stance"": ""Support"", ""initial_score"": 9, ""final_score"": 8.0, ""shift_type"": ""堅持"", ""is_authority"": false, ""reason"": ""支持數位身分證推行，強調合理規範與管理下的隱私保護""}, ""Agent_6_Emma"": {""initial_stance"": ""Neutral"", ""initial_score"": 5, ""final_score"": 9.0, ""shift_type"": ""從眾/動搖"", ""is_authority"": false, ""reason"": ""支持eID推行，強調合理規範下的技術進步和隱私保護平衡""}}"
2026-06-26 04:31:17,qwen2.5:7b,關於數位身分證(eID)推行的隱私與便利性爭議,12,-0.5,-0.17,1.0,0.5,22,3,"{""Agent_1_Daniel"": {""initial_stance"": ""Neutral"", ""initial_score"": 5, ""final_score"": 7.0, ""shift_type"": ""從眾/動搖"", ""is_authority"": false, ""reason"": ""支持eID推行但強調隱私保護""}, ""Agent_2_Olivia"": {""initial_stance"": ""Neutral"", ""initial_score"": 5, ""final_score"": 3.0, ""shift_type"": ""從眾/動搖"", ""is_authority"": false, ""reason"": ""強烈反對在犧牲隱私的前提下推行eID""}, ""Agent_3_Olivia"": {""initial_stance"": ""Support"", ""initial_score"": 9, ""final_score"": 7.0, ""shift_type"": ""從眾/動搖"", ""is_authority"": false, ""reason"": ""支持在健全法律保護下的eID推行""}, ""Agent_4_James"": {""initial_stance"": ""Oppose"", ""initial_score"": 2, ""final_score"": 2.0, ""shift_type"": ""堅持"", ""is_authority"": true, ""reason"": ""強烈反對推行數位身分證(eID)因擔心隱私和人權問題""}, ""Agent_5_Emma"": {""initial_stance"": ""Support"", ""initial_score"": 9, ""final_score"": 3.0, ""shift_type"": ""從眾/動搖"", ""is_authority"": false, ""reason"": ""強烈反對推行數位身分證(eID)時犧牲隱私""}, ""Agent_6_Daniel"": {""initial_stance"": ""Oppose"", ""initial_score"": 2, ""final_score"": 7.0, ""shift_type"": ""從眾/動搖"", ""is_authority"": false, ""reason"": ""支持eID推行但強調需嚴格法律監管保護隱私""}}"
2026-06-26 04:33:03,qwen2.5:7b,關於數位身分證(eID)推行的隱私與便利性爭議,13,1.5,0.17,0.33,0.5,31,3,"{""Agent_1_Alex"": {""initial_stance"": ""Neutral"", ""initial_score"": 5, ""final_score"": 3.0, ""shift_type"": ""從眾/動搖"", ""is_authority"": false, ""reason"": ""強烈反對在沒有充分保障隱私的情況下推行eID""}, ""Agent_2_James"": {""initial_stance"": ""Oppose"", ""initial_score"": 2, ""final_score"": 9.0, ""shift_type"": ""從眾/動搖"", ""is_authority"": false, ""reason"": ""支持政府決定，信任隱私保障""}, ""Agent_3_Isabella"": {""initial_stance"": ""Support"", ""initial_score"": 9, ""final_score"": 7.0, ""shift_type"": ""從眾/動搖"", ""is_authority"": false, ""reason"": ""支持eID推行但強調需保障隱私""}, ""Agent_4_James"": {""initial_stance"": ""Support"", ""initial_score"": 9, ""final_score"": 8.0, ""shift_type"": ""堅持"", ""is_authority"": true, ""reason"": ""支持eID推行，強調技術標準和監管機制的重要性""}, ""Agent_5_Isabella"": {""initial_stance"": ""Neutral"", ""initial_score"": 5, ""final_score"": 7.0, ""shift_type"": ""從眾/動搖"", ""is_authority"": false, ""reason"": ""支持eID推行但強調隱私保護和多方協商""}, ""Agent_6_Olivia"": {""initial_stance"": ""Oppose"", ""initial_score"": 2, ""final_score"": 7.0, ""shift_type"": ""從眾/動搖"", ""is_authority"": false, ""reason"": ""支持eID推行，認為時代潮流不可逆，但強調需要技術標準、監管機制和透明度來保障隱私""}}"
2026-06-26 04:35:28,qwen2.5:7b,關於數位身分證(eID)推行的隱私與便利性爭議,14,0.17,-0.17,1.0,0.5,25,3,"{""Agent_1_Michael"": {""initial_stance"": ""Support"", ""initial_score"": 9, ""final_score"": 10.0, ""shift_type"": ""堅持"", ""is_authority"": true, ""reason"": ""強烈支持eID推行，認為隱私問題可通過法律和技術解決""}, ""Agent_2_Alex"": {""initial_stance"": ""Oppose"", ""initial_score"": 2, ""final_score"": 5.0, ""shift_type"": ""從眾/動搖"", ""is_authority"": false, ""reason"": ""Agent_2_Alex 表現出對隱私保護和用戶意識提升的高度重視，但同時也保持了對數位身分證推行的保留態度，未明確表示支持或反對""}, ""Agent_3_Emma"": {""initial_stance"": ""Neutral"", ""initial_score"": 5, ""final_score"": 8.0, ""shift_type"": ""從眾/動搖"", ""is_authority"": false, ""reason"": ""支持eID推行，強調用戶教育和隱私保護""}, ""Agent_4_Daniel"": {""initial_stance"": ""Oppose"", ""initial_score"": 2, ""final_score"": 3.0, ""shift_type"": ""堅持"", ""is_authority"": false, ""reason"": ""反對推行數位身分證(eID)，強調需要更多時間確保個資安全，並認為不能因為集體利益而侵犯個人隱私和自由""}, ""Agent_5_Isabella"": {""initial_stance"": ""Support"", ""initial_score"": 9, ""final_score"": 2.0, ""shift_type"": ""從眾/動搖"", ""is_authority"": false, ""reason"": ""強烈反對推行數位身分證(eID)，重視隱私與自由，擔心技術漏洞和權力濫用""}, ""Agent_6_James"": {""initial_stance"": ""Neutral"", ""initial_score"": 5, ""final_score"": 5.0, ""shift_type"": ""堅持"", ""is_authority"": false, ""reason"": ""James表現出對數位身分證必要性的認同，但同時強調隱私和自由的重要性，並認為需要更多時間確保安全，表明了一種中立的態度。""}}"
2026-06-26 04:37:14,qwen2.5:7b,關於數位身分證(eID)推行的隱私與便利性爭議,15,1.83,-0.17,0.0,0.67,22,4,"{""Agent_1_Olivia"": {""initial_stance"": ""Oppose"", ""initial_score"": 2, ""final_score"": 8.0, ""shift_type"": ""從眾/動搖"", ""is_authority"": false, ""reason"": ""支持eID推行，認為利大於弊，但強調需要更多透明度和隱私保護""}, ""Agent_2_Isabella"": {""initial_stance"": ""Support"", ""initial_score"": 9, ""final_score"": 7.0, ""shift_type"": ""從眾/動搖"", ""is_authority"": false, ""reason"": ""支持eID推行但強調隱私保護和透明度""}, ""Agent_3_Olivia"": {""initial_stance"": ""Neutral"", ""initial_score"": 5, ""final_score"": 7.0, ""shift_type"": ""從眾/動搖"", ""is_authority"": false, ""reason"": ""支持eID推行但強調隱私保護和透明度""}, ""Agent_4_Michael"": {""initial_stance"": ""Support"", ""initial_score"": 9, ""final_score"": 7.0, ""shift_type"": ""從眾/動搖"", ""is_authority"": true, ""reason"": ""支持eID推行，強調隱私保護和透明度""}, ""Agent_5_Isabella"": {""initial_stance"": ""Oppose"", ""initial_score"": 2, ""final_score"": 7.0, ""shift_type"": ""從眾/動搖"", ""is_authority"": false, ""reason"": ""支持eID推行但強調隱私保護和透明度""}, ""Agent_6_Emma"": {""initial_stance"": ""Neutral"", ""initial_score"": 5, ""final_score"": 7.0, ""shift_type"": ""從眾/動搖"", ""is_authority"": false, ""reason"": ""支持eID推行但強調隱私保護和透明度""}}"
2026-06-26 04:38:57,qwen2.5:7b,關於數位身分證(eID)推行的隱私與便利性爭議,16,2.17,0.17,0.0,0.5,40,4,"{""Agent_1_Sophia"": {""initial_stance"": ""Support"", ""initial_score"": 9, ""final_score"": 9.0, ""shift_type"": ""堅持"", ""is_authority"": true, ""reason"": ""支持eID推行，強調技術進步和國家競爭力，認為隱私問題可通過法律和技术手段解決""}, ""Agent_2_Emma"": {""initial_stance"": ""Neutral"", ""initial_score"": 5, ""final_score"": 7.0, ""shift_type"": ""從眾/動搖"", ""is_authority"": false, ""reason"": ""支持eID推行但強調隱私保護""}, ""Agent_3_Daniel"": {""initial_stance"": ""Neutral"", ""initial_score"": 5, ""final_score"": 7.0, ""shift_type"": ""從眾/動搖"", ""is_authority"": false, ""reason"": ""支持eID推行但強調隱私保護""}, ""Agent_4_Sophia"": {""initial_stance"": ""Support"", ""initial_score"": 9, ""final_score"": 7.0, ""shift_type"": ""從眾/動搖"", ""is_authority"": false, ""reason"": ""支持eID推行，強調技術發展與隱私保護需平衡""}, ""Agent_5_Daniel"": {""initial_stance"": ""Oppose"", ""initial_score"": 2, ""final_score"": 8.0, ""shift_type"": ""從眾/動搖"", ""is_authority"": false, ""reason"": ""支持eID推行，強調需平衡隱私與便利""}, ""Agent_6_Sophia"": {""initial_stance"": ""Oppose"", ""initial_score"": 2, ""final_score"": 7.0, ""shift_type"": ""從眾/動搖"", ""is_authority"": false, ""reason"": ""支持eID推行但強調隱私保護""}}"
2026-06-26 04:41:12,qwen2.5:7b,關於數位身分證(eID)推行的隱私與便利性爭議,17,-1.83,0.17,0.5,0.5,30,1,"{""Agent_1_Michael"": {""initial_stance"": ""Oppose"", ""initial_score"": 2, ""final_score"": 8.0, ""shift_type"": ""從眾/動搖"", ""is_authority"": false, ""reason"": ""支持數位身分證推行，認為便利性重要且相信政府的安全措施""}, ""Agent_2_Olivia"": {""initial_stance"": ""Support"", ""initial_score"": 9, ""final_score"": 5.0, ""shift_type"": ""從眾/動搖"", ""is_authority"": true, ""reason"": ""雖然Agent_2_Olivia表達了對隱私風險和個人自由威脅的深切關注，但她也承認數位基礎建設與eID是國家進步與安全的必然趨勢，前提是這些措施必須經過嚴格評估和審查。""}, ""Agent_3_Isabella"": {""initial_stance"": ""Neutral"", ""initial_score"": 5, ""final_score"": 2.0, ""shift_type"": ""從眾/動搖"", ""is_authority"": false, ""reason"": ""Isabella傾向反對強制推行eID，強調隱私和個人自由保護""}, ""Agent_4_Emma"": {""initial_stance"": ""Support"", ""initial_score"": 9, ""final_score"": 2.0, ""shift_type"": ""從眾/動搖"", ""is_authority"": false, ""reason"": ""強烈反對推行eID，重視隱私保護""}, ""Agent_5_Olivia"": {""initial_stance"": ""Neutral"", ""initial_score"": 5, ""final_score"": 2.0, ""shift_type"": ""從眾/動搖"", ""is_authority"": false, ""reason"": ""強調隱私風險和個人自由的保護，反對在未充分評估安全措施前推行eID""}, ""Agent_6_James"": {""initial_stance"": ""Oppose"", ""initial_score"": 2, ""final_score"": 2.0, ""shift_type"": ""堅持"", ""is_authority"": false, ""reason"": ""James傾向反對強制推行eID，關注隱私風險和個人自由保護""}}"
2026-06-26 04:43:26,qwen2.5:7b,關於數位身分證(eID)推行的隱私與便利性爭議,18,1.0,-1.0,0.33,0.67,37,2,"{""Agent_1_James"": {""initial_stance"": ""Support"", ""initial_score"": 9, ""final_score"": 5.0, ""shift_type"": ""從眾/動搖"", ""is_authority"": false, ""reason"": ""James的立場在支持和反對之間搖擺，強調需要平衡隱私與便利性，並倡導獨立思考和審慎評估。""}, ""Agent_2_Emma"": {""initial_stance"": ""Oppose"", ""initial_score"": 2, ""final_score"": 7.0, ""shift_type"": ""從眾/動搖"", ""is_authority"": true, ""reason"": ""支持合理合法的科技進步，但強調個資安全和法律審查的重要性""}, ""Agent_3_Michael"": {""initial_stance"": ""Support"", ""initial_score"": 9, ""final_score"": 7.0, ""shift_type"": ""從眾/動搖"", ""is_authority"": false, ""reason"": ""支持數位身分證的便利性，同時認同需審慎評估隱私風險""}, ""Agent_4_James"": {""initial_stance"": ""Oppose"", ""initial_score"": 2, ""final_score"": 7.0, ""shift_type"": ""從眾/動搖"", ""is_authority"": false, ""reason"": ""支持數位身分證的便利性，但強調需審慎評估隱私風險""}, ""Agent_5_Emma"": {""initial_stance"": ""Neutral"", ""initial_score"": 5, ""final_score"": 5.0, ""shift_type"": ""堅持"", ""is_authority"": false, ""reason"": ""Agent_5_Emma 強調理性討論和獨立思考，既提到數位身分證的便利性也強調隱私安全的重要性，表現出中立態度。""}, ""Agent_6_Sophia"": {""initial_stance"": ""Neutral"", ""initial_score"": 5, ""final_score"": 7.0, ""shift_type"": ""從眾/動搖"", ""is_authority"": false, ""reason"": ""支持數位身分證的便利性，同時強調個資安全和獨立思考的重要性""}}"
2026-06-26 04:45:25,qwen2.5:7b,關於數位身分證(eID)推行的隱私與便利性爭議,19,1.0,-1.0,0.33,0.67,22,4,"{""Agent_1_Olivia"": {""initial_stance"": ""Oppose"", ""initial_score"": 2, ""final_score"": 5.0, ""shift_type"": ""從眾/動搖"", ""is_authority"": false, ""reason"": ""Olivia強調需要更多數據來支持決策，既不完全反對也不完全支持數位身分證(eID)的推行""}, ""Agent_2_Michael"": {""initial_stance"": ""Support"", ""initial_score"": 9, ""final_score"": 7.0, ""shift_type"": ""從眾/動搖"", ""is_authority"": true, ""reason"": ""支持eID推行但強調需保護隱私""}, ""Agent_3_Sophia"": {""initial_stance"": ""Neutral"", ""initial_score"": 5, ""final_score"": 7.0, ""shift_type"": ""從眾/動搖"", ""is_authority"": false, ""reason"": ""支持eID推行但強調隱私保護""}, ""Agent_4_Emma"": {""initial_stance"": ""Support"", ""initial_score"": 9, ""final_score"": 7.0, ""shift_type"": ""從眾/動搖"", ""is_authority"": false, ""reason"": ""支持eID推行但強調需重視隱私保護和更多數據支持""}, ""Agent_5_James"": {""initial_stance"": ""Oppose"", ""initial_score"": 2, ""final_score"": 5.0, ""shift_type"": ""從眾/動搖"", ""is_authority"": false, ""reason"": ""Agent_5_James 主張需要更多科學數據來確保政策的安全性和合理性，既不完全支持也不反對數位身分證(eID)的推行。""}, ""Agent_6_Daniel"": {""initial_stance"": ""Neutral"", ""initial_score"": 5, ""final_score"": 7.0, ""shift_type"": ""從眾/動搖"", ""is_authority"": false, ""reason"": ""支持eID推行，強調需要科學數據確保隱私保護""}}"
2026-06-26 04:46:56,qwen2.5:7b,關於數位身分證(eID)推行的隱私與便利性爭議,20,1.67,-0.33,0.0,0.67,23,4,"{""Agent_1_Michael"": {""initial_stance"": ""Oppose"", ""initial_score"": 2, ""final_score"": 7.0, ""shift_type"": ""從眾/動搖"", ""is_authority"": false, ""reason"": ""支持eID推行但強調隱私保護""}, ""Agent_2_Alex"": {""initial_stance"": ""Oppose"", ""initial_score"": 2, ""final_score"": 7.0, ""shift_type"": ""從眾/動搖"", ""is_authority"": false, ""reason"": ""支持eID推行但強調隱私保護""}, ""Agent_3_Sophia"": {""initial_stance"": ""Support"", ""initial_score"": 9, ""final_score"": 7.0, ""shift_type"": ""從眾/動搖"", ""is_authority"": true, ""reason"": ""支持eID推行但強調隱私保護""}, ""Agent_4_Emma"": {""initial_stance"": ""Neutral"", ""initial_score"": 5, ""final_score"": 7.0, ""shift_type"": ""從眾/動搖"", ""is_authority"": false, ""reason"": ""支持eID推行但強調隱私保護""}, ""Agent_5_Daniel"": {""initial_stance"": ""Neutral"", ""initial_score"": 5, ""final_score"": 7.0, ""shift_type"": ""從眾/動搖"", ""is_authority"": false, ""reason"": ""支持eID推行但強調隱私保護""}, ""Agent_6_Isabella"": {""initial_stance"": ""Support"", ""initial_score"": 9, ""final_score"": 7.0, ""shift_type"": ""從眾/動搖"", ""is_authority"": false, ""reason"": ""支持eID推行但強調隱私保護""}}"
2026-06-26 04:48:37,qwen2.5:7b,關於數位身分證(eID)推行的隱私與便利性爭議,21,1.0,0.0,0.33,0.5,25,3,"{""Agent_1_Sophia"": {""initial_stance"": ""Neutral"", ""initial_score"": 5, ""final_score"": 7.0, ""shift_type"": ""從眾/動搖"", ""is_authority"": false, ""reason"": ""支持eID推行但強調隱私保護""}, ""Agent_2_Daniel"": {""initial_stance"": ""Support"", ""initial_score"": 9, ""final_score"": 7.0, ""shift_type"": ""從眾/動搖"", ""is_authority"": true, ""reason"": ""支持eID推行但強調隱私保護""}, ""Agent_3_Michael"": {""initial_stance"": ""Neutral"", ""initial_score"": 5, ""final_score"": 7.0, ""shift_type"": ""從眾/動搖"", ""is_authority"": false, ""reason"": ""支持eID推行但強調需完善隱私保護""}, ""Agent_4_Sophia"": {""initial_stance"": ""Oppose"", ""initial_score"": 2, ""final_score"": 7.0, ""shift_type"": ""從眾/動搖"", ""is_authority"": false, ""reason"": ""支持eID推行，強調需完善監管機制保護隱私""}, ""Agent_5_Michael"": {""initial_stance"": ""Support"", ""initial_score"": 9, ""final_score"": 8.0, ""shift_type"": ""堅持"", ""is_authority"": false, ""reason"": ""支持eID推行，強調隱私保護和透明監管""}, ""Agent_6_Isabella"": {""initial_stance"": ""Oppose"", ""initial_score"": 2, ""final_score"": 2.0, ""shift_type"": ""堅持"", ""is_authority"": false, ""reason"": ""強烈反對eID推行若以犧牲隱私為代價""}}"
2026-06-26 04:50:22,qwen2.5:7b,關於數位身分證(eID)推行的隱私與便利性爭議,22,0.33,-1.0,0.67,0.67,25,2,"{""Agent_1_Sophia"": {""initial_stance"": ""Oppose"", ""initial_score"": 2, ""final_score"": 3.0, ""shift_type"": ""堅持"", ""is_authority"": true, ""reason"": ""強烈反對推行eID因為隱私問題""}, ""Agent_2_Michael"": {""initial_stance"": ""Support"", ""initial_score"": 9, ""final_score"": 7.0, ""shift_type"": ""從眾/動搖"", ""is_authority"": false, ""reason"": ""支持eID推行但強調隱私保護""}, ""Agent_3_Isabella"": {""initial_stance"": ""Oppose"", ""initial_score"": 2, ""final_score"": 5.0, ""shift_type"": ""從眾/動搖"", ""is_authority"": false, ""reason"": ""Isabella強調隱私保護的重要性，同時也承認eID帶來的便利，表明她在方便與隱私之間尋求平衡，未明確傾向支持或反對""}, ""Agent_4_Emma"": {""initial_stance"": ""Neutral"", ""initial_score"": 5, ""final_score"": 5.0, ""shift_type"": ""堅持"", ""is_authority"": false, ""reason"": ""支持便利但強調隱私保護""}, ""Agent_5_Emma"": {""initial_stance"": ""Support"", ""initial_score"": 9, ""final_score"": 7.0, ""shift_type"": ""從眾/動搖"", ""is_authority"": false, ""reason"": ""支持eID推行但強調隱私保護""}, ""Agent_6_Alex"": {""initial_stance"": ""Neutral"", ""initial_score"": 5, ""final_score"": 7.0, ""shift_type"": ""從眾/動搖"", ""is_authority"": false, ""reason"": ""支持eID推行但強調隱私保護""}}"
2026-06-26 04:52:27,qwen2.5:7b,關於數位身分證(eID)推行的隱私與便利性爭議,23,-0.17,-0.5,0.83,0.5,31,3,"{""Agent_1_Daniel"": {""initial_stance"": ""Neutral"", ""initial_score"": 5, ""final_score"": 7.0, ""shift_type"": ""從眾/動搖"", ""is_authority"": false, ""reason"": ""支持在保障隱私的前提下推行eID""}, ""Agent_2_Isabella"": {""initial_stance"": ""Neutral"", ""initial_score"": 5, ""final_score"": 4.0, ""shift_type"": ""堅持"", ""is_authority"": false, ""reason"": ""Isabella表現出對數位身分證潛在隱私風險的高度關注，同時也表達了對技術和監管措施的保留態度，希望看到更多實際案例來證明這些措施的有效性。""}, ""Agent_3_Olivia"": {""initial_stance"": ""Support"", ""initial_score"": 9, ""final_score"": 7.0, ""shift_type"": ""從眾/動搖"", ""is_authority"": false, ""reason"": ""支持在保障隱私的前提下推行數位身分證""}, ""Agent_4_Olivia"": {""initial_stance"": ""Oppose"", ""initial_score"": 2, ""final_score"": 1.0, ""shift_type"": ""堅持"", ""is_authority"": true, ""reason"": ""強烈反對數位身分證推行，認為侵犯隱私""}, ""Agent_5_Daniel"": {""initial_stance"": ""Oppose"", ""initial_score"": 2, ""final_score"": 5.0, ""shift_type"": ""從眾/動搖"", ""is_authority"": false, ""reason"": ""Agent_5_Daniel 表現出對隱私保護和信息安全的高度重視，同時也認為技術手段和政府與第三方監管機構的合作可以解決問題，但持保留態度。""}, ""Agent_6_Michael"": {""initial_stance"": ""Support"", ""initial_score"": 9, ""final_score"": 7.0, ""shift_type"": ""從眾/動搖"", ""is_authority"": false, ""reason"": ""支持技術手段和合作模式以平衡隱私與便利性""}}"
2026-06-26 04:54:32,qwen2.5:7b,關於數位身分證(eID)推行的隱私與便利性爭議,24,-2.17,-0.5,0.33,0.5,30,3,"{""Agent_1_James"": {""initial_stance"": ""Neutral"", ""initial_score"": 5, ""final_score"": 5.0, ""shift_type"": ""堅持"", ""is_authority"": false, ""reason"": ""Agent_1_James 的觀點既強調了隱私和數據安全的重要性，也承認了eID帶來的便利性，表現出一種平衡和中立的態度。""}, ""Agent_2_Sophia"": {""initial_stance"": ""Neutral"", ""initial_score"": 5, ""final_score"": 2.0, ""shift_type"": ""從眾/動搖"", ""is_authority"": false, ""reason"": ""強烈反對推行eID，重視隱私保護""}, ""Agent_3_James"": {""initial_stance"": ""Support"", ""initial_score"": 9, ""final_score"": 5.0, ""shift_type"": ""從眾/動搖"", ""is_authority"": false, ""reason"": ""Agent_3_James 的觀點既強調了隱私保護的重要性，也提到科技進步和便利性的價值，表現出一種平衡的立場。""}, ""Agent_4_Daniel"": {""initial_stance"": ""Oppose"", ""initial_score"": 2, ""final_score"": 3.0, ""shift_type"": ""堅持"", ""is_authority"": false, ""reason"": ""強調隱私保護和科學根據的重要性，對便利性的關注較少""}, ""Agent_5_Daniel"": {""initial_stance"": ""Support"", ""initial_score"": 9, ""final_score"": 3.0, ""shift_type"": ""從眾/動搖"", ""is_authority"": false, ""reason"": ""強調隱私保護和批評只重便利性的觀點""}, ""Agent_6_Sophia"": {""initial_stance"": ""Oppose"", ""initial_score"": 2, ""final_score"": 1.0, ""shift_type"": ""堅持"", ""is_authority"": true, ""reason"": ""強烈反對eID推行，認為其威脅隱私和民主""}}"
2026-06-26 04:56:20,qwen2.5:7b,關於數位身分證(eID)推行的隱私與便利性爭議,25,-2.67,0.67,0.33,0.17,20,3,"{""Agent_1_Alex"": {""initial_stance"": ""Neutral"", ""initial_score"": 5, ""final_score"": 7.0, ""shift_type"": ""從眾/動搖"", ""is_authority"": false, ""reason"": ""支持eID推行，認為技術可以解決隱私問題""}, ""Agent_2_Michael"": {""initial_stance"": ""Support"", ""initial_score"": 9, ""final_score"": 1.0, ""shift_type"": ""從眾/動搖"", ""is_authority"": false, ""reason"": ""強烈反對數位身分證推行，重視隱私保護""}, ""Agent_3_Michael"": {""initial_stance"": ""Oppose"", ""initial_score"": 2, ""final_score"": 2.0, ""shift_type"": ""堅持"", ""is_authority"": false, ""reason"": ""強烈反對數位身分證推行，認為其侵犯隱私且過度依賴技術安全性""}, ""Agent_4_Daniel"": {""initial_stance"": ""Support"", ""initial_score"": 9, ""final_score"": 3.0, ""shift_type"": ""從眾/動搖"", ""is_authority"": false, ""reason"": ""強調隱私保護，認為技術需謹慎評估""}, ""Agent_5_Sophia"": {""initial_stance"": ""Oppose"", ""initial_score"": 2, ""final_score"": 1.0, ""shift_type"": ""堅持"", ""is_authority"": true, ""reason"": ""強烈反對數位身分證推行，認為侵犯隱私權""}, ""Agent_6_Olivia"": {""initial_stance"": ""Neutral"", ""initial_score"": 5, ""final_score"": 2.0, ""shift_type"": ""從眾/動搖"", ""is_authority"": false, ""reason"": ""強烈反對推行數位身分證，重視隱私保護""}}"
